Incident_ID,Timestamp,Activity,Confidence,Torso_Angle_Deg,Aspect_Ratio,Emergency_Alert_Triggered,Dispatch_Status,Notes
FALL-1788001629,2026-08-29 16:37:09,Fall Detected,0.9900,85.0,1.90,YES,DISPATCHED_TO_CAREGIVERS,Room: Home_01 Living Room | Patient: PATIENT-8042 (Senior Care)
FALL-1790140704,2026-09-23 10:48:24,Fall Detected,0.9600,74.8,1.83,YES,DISPATCHED_TO_CAREGIVERS,Room: Coffee_room_01 Lounge | Patient: PATIENT-4109
FALL-1790154748,2026-09-23 14:42:28,Fall Detected,0.9850,76.9,2.15,YES,DISPATCHED_TO_CAREGIVERS,Room: Corridor_02 | Patient: PATIENT-3011 (Assisted Mobility)
FALL-1790155468,2026-09-23 14:54:28,Fall Detected,0.9920,81.0,2.91,YES,DISPATCHED_TO_CAREGIVERS,Room: Dining_Hall_01 | Patient: PATIENT-8042 (Senior Care)
FALL-1790571002,2026-09-28 10:20:02,Fall Detected,0.9900,88.0,1.80,YES,DISPATCHED_TO_CAREGIVERS,Room: Home_02 Bedroom | Patient: PATIENT-6124
FALL-1790660923,2026-09-29 11:18:43,Fall Detected,0.9999,82.4,2.27,YES,DISPATCHED_TO_CAREGIVERS,Room: Home_01 Living Room | Patient: PATIENT-8042 (Senior Care)
FALL-1791536769,2026-10-09 14:36:08,Fall Detected,0.9870,79.5,2.10,YES,DISPATCHED_TO_CAREGIVERS,Room: Clinical Unit 04 | Emergency Dispatch Verified
FALL-1791537325,2026-10-09 14:45:25,Fall Detected,0.9700,85.0,0.4,YES,DISPATCHED_TO_CAREGIVERS,Room: Living Room | Patient: TEST-PATIENT
FALL-1791537711,2026-10-09 14:51:51,Fall Detected,0.9700,85.0,0.4,YES,DISPATCHED_TO_CAREGIVERS,Room: Living Room | Patient: TEST-PATIENT
FALL-1791537853,2026-10-09 14:54:13,Fall Detected,0.9700,85.0,0.4,YES,DISPATCHED_TO_CAREGIVERS,Room: Living Room | Patient: TEST-PATIENT
FALL-1791538027,2026-10-09 14:57:07,Fall Detected,0.9700,85.0,0.4,YES,DISPATCHED_TO_CAREGIVERS,Room: Living Room | Patient: TEST-PATIENT
FALL-1791538092,2026-10-09 14:58:12,Fall Detected,0.9700,85.0,0.4,YES,DISPATCHED_TO_CAREGIVERS,Room: Living Room | Patient: TEST-PATIENT
FALL-1791538145,2026-10-09 14:59:05,Fall Detected,0.9700,85.0,0.4,YES,DISPATCHED_TO_CAREGIVERS,Room: Living Room | Patient: TEST-PATIENT
